image_names,mask_or_not
0.jpg,1
1.jpg,1
2.jpg,1
3.jpg,1
4.jpg,1
5.jpg,1
6.jpg,1
7.jpg,1
8.jpg,1
9.jpg,1
10.jpg,1
11.jpg,1
12.jpg,1
13.jpg,1
14.jpg,1
15.jpg,1
16.jpg,1
17.jpg,1
18.jpg,1
19.jpg,1
20.jpg,1
21.jpg,1
22.jpg,1
23.jpg,1
24.jpg,1
25.jpg,1
26.jpg,1
27.jpg,1
28.jpg,1
29.jpg,1
30.jpg,1
31.jpg,1
32.jpg,1
33.jpg,1
34.jpg,1
35.jpg,1
36.jpg,1
37.jpg,1
38.jpg,1
39.jpg,1
40.jpg,1
41.jpg,1
42.jpg,1
43.jpg,1
44.jpg,1
45.jpg,1
46.jpg,1
47.jpg,1
48.jpg,1
49.jpg,1
50.jpg,1
51.jpg,1
52.jpg,1
53.jpg,1
54.jpg,1
55.jpg,1
56.jpg,1
57.jpg,1
58.jpg,1
59.jpg,1
60.jpg,1
61.jpg,1
62.jpg,1
63.jpg,1
64.jpg,1
65.jpg,1
66.jpg,1
67.jpg,1
68.jpg,1
69.jpg,1
70.jpg,1
71.jpg,1
72.jpg,1
73.jpg,1
74.jpg,1
75.jpg,1
76.jpg,1
77.jpg,1
78.jpg,1
79.jpg,1
80.jpg,1
81.jpg,1
82.jpg,1
83.jpg,1
84.jpg,1
85.jpg,1
86.jpg,1
87.jpg,1
88.jpg,1
89.jpg,1
90.jpg,1
91.jpg,1
92.jpg,1
93.jpg,1
94.jpg,1
95.jpg,1
96.jpg,1
97.jpg,1
98.jpg,1
99.jpg,1
100.jpg,1
101.jpg,1
102.jpg,1
103.jpg,1
104.jpg,1
105.jpg,1
106.jpg,1
107.jpg,1
108.jpg,1
109.jpg,1
110.jpg,1
111.jpg,1
112.jpg,1
113.jpg,1
114.jpg,1
115.jpg,1
116.jpg,1
117.jpg,1
118.jpg,1
119.jpg,1
120.jpg,1
121.jpg,1
122.jpg,1
123.jpg,1
124.jpg,1
125.jpg,1
126.jpg,1
127.jpg,1
128.jpg,1
129.jpg,1
130.jpg,1
131.jpg,1
132.jpg,1
133.jpg,1
134.jpg,1
135.jpg,1
136.jpg,1
137.jpg,1
138.jpg,1
139.jpg,1
140.jpg,1
141.jpg,1
142.jpg,1
143.jpg,1
144.jpg,1
145.jpg,1
146.jpg,1
147.jpg,1
148.jpg,1
149.jpg,1
150.jpg,1
151.jpg,1
152.jpg,1
153.jpg,1
154.jpg,1
155.jpg,1
156.jpg,1
157.jpg,1
158.jpg,1
159.jpg,1
160.jpg,1
161.jpg,1
162.jpg,1
163.jpg,1
164.jpg,1
165.jpg,1
166.jpg,1
167.jpg,1
168.jpg,1
169.jpg,1
170.jpg,1
171.jpg,1
172.jpg,1
173.jpg,1
174.jpg,1
175.jpg,1
176.jpg,1
177.jpg,1
178.jpg,1
179.jpg,1
180.jpg,1
181.jpg,1
182.jpg,1
183.jpg,1
184.jpg,1
185.jpg,1
186.jpg,1
187.jpg,1
188.jpg,1
189.jpg,1
190.jpg,1
191.jpg,1
192.jpg,1
193.jpg,1
194.jpg,1
195.jpg,1
196.jpg,1
197.jpg,1
198.jpg,1
199.jpg,1
200.jpg,1
201.jpg,1
202.jpg,1
203.jpg,1
204.jpg,1
205.jpg,1
206.jpg,1
207.jpg,1
208.jpg,1
209.jpg,1
210.jpg,1
211.jpg,1
212.jpg,1
213.jpg,1
214.jpg,1
215.jpg,1
216.jpg,1
217.jpg,1
218.jpg,1
219.jpg,1
220.jpg,1
221.jpg,1
222.jpg,1
223.jpg,1
224.jpg,1
225.jpg,1
226.jpg,1
227.jpg,1
228.jpg,1
229.jpg,1
230.jpg,1
231.jpg,1
232.jpg,1
233.jpg,1
234.jpg,1
235.jpg,1
236.jpg,1
237.jpg,1
238.jpg,1
239.jpg,1
240.jpg,1
241.jpg,1
242.jpg,1
243.jpg,1
244.jpg,1
245.jpg,1
246.jpg,1
247.jpg,1
248.jpg,1
249.jpg,1
250.jpg,1
251.jpg,1
252.jpg,1
253.jpg,1
254.jpg,1
255.jpg,1
256.jpg,1
257.jpg,1
258.jpg,1
259.jpg,1
260.jpg,1
261.jpg,1
262.jpg,1
263.jpg,1
264.jpg,1
265.jpg,1
266.jpg,1
267.jpg,1
268.jpg,1
269.jpg,1
270.jpg,1
271.jpg,1
272.jpg,1
273.jpg,1
274.jpg,1
275.jpg,1
276.jpg,1
277.jpg,1
278.jpg,1
279.jpg,1
280.jpg,1
281.jpg,1
282.jpg,1
283.jpg,1
284.jpg,1
285.jpg,1
286.jpg,1
287.jpg,1
288.jpg,1
289.jpg,1
290.jpg,1
291.jpg,1
292.jpg,1
293.jpg,1
294.jpg,1
295.jpg,1
296.jpg,1
297.jpg,1
298.jpg,1
299.jpg,1
300.jpg,1
301.jpg,1
302.jpg,1
303.jpg,1
304.jpg,1
305.jpg,1
306.jpg,1
307.jpg,1
308.jpg,1
309.jpg,1
310.jpg,1
311.jpg,1
312.jpg,1
313.jpg,1
314.jpg,1
315.jpg,1
316.jpg,1
317.jpg,1
318.jpg,1
319.jpg,1
320.jpg,1
321.jpg,1
322.jpg,1
323.jpg,1
324.jpg,1
325.jpg,1
326.jpg,1
327.jpg,1
328.jpg,1
329.jpg,1
330.jpg,1
331.jpg,1
332.jpg,1
333.jpg,1
334.jpg,1
335.jpg,1
336.jpg,1
337.jpg,1
338.jpg,1
339.jpg,1
340.jpg,1
341.jpg,1
342.jpg,1
343.jpg,1
344.jpg,1
345.jpg,1
346.jpg,1
347.jpg,1
348.jpg,1
349.jpg,1
350.jpg,1
351.jpg,1
352.jpg,1
353.jpg,1
354.jpg,1
355.jpg,1
356.jpg,1
357.jpg,1
358.jpg,1
359.jpg,1
360.jpg,1
361.jpg,1
362.jpg,1
363.jpg,1
364.jpg,1
365.jpg,1
366.jpg,1
367.jpg,1
368.jpg,1
369.jpg,1
370.jpg,1
371.jpg,1
372.jpg,1
373.jpg,1
374.jpg,1
375.jpg,1
376.jpg,1
377.jpg,1
378.jpg,1
379.jpg,1
380.jpg,1
381.jpg,1
382.jpg,1
383.jpg,1
384.jpg,1
385.jpg,1
386.jpg,1
387.jpg,1
388.jpg,1
389.jpg,1
390.jpg,1
391.jpg,1
392.jpg,1
393.jpg,1
394.jpg,1
395.jpg,1
396.jpg,1
397.jpg,1
398.jpg,1
399.jpg,1
400.jpg,1
401.jpg,1
402.jpg,1
403.jpg,1
404.jpg,1
405.jpg,1
406.jpg,1
407.jpg,1
408.jpg,0
409.jpg,0
410.jpg,0
411.jpg,0
412.jpg,0
413.jpg,0
414.jpg,0
415.jpg,0
416.jpg,0
417.jpg,0
418.jpg,0
419.jpg,0
420.jpg,0
421.jpg,0
422.jpg,0
423.jpg,0
424.jpg,0
425.jpg,0
426.jpg,0
427.jpg,0
428.jpg,0
429.jpg,0
430.jpg,0
431.jpg,0
432.jpg,0
433.jpg,0
434.jpg,0
435.jpg,0
436.jpg,0
437.jpg,0
438.jpg,0
439.jpg,0
440.jpg,1
441.jpg,0
442.jpg,0
443.jpg,0
444.jpg,0
445.jpg,0
446.jpg,0
447.jpg,0
448.jpg,0
449.jpg,0
450.jpg,0
451.jpg,0
452.jpg,0
453.jpg,0
454.jpg,0
455.jpg,0
456.jpg,0
457.jpg,0
458.jpg,0
459.jpg,0
460.jpg,0
461.jpg,0
462.jpg,0
463.jpg,0
464.jpg,0
465.jpg,0
466.jpg,0
467.jpg,0
468.jpg,0
469.jpg,0
470.jpg,0
471.jpg,0
472.jpg,0
473.jpg,0
474.jpg,0
475.jpg,0
476.jpg,0
477.jpg,0
478.jpg,0
479.jpg,0
480.jpg,0
481.jpg,0
482.jpg,0
483.jpg,0
484.jpg,0
485.jpg,0
486.jpg,0
487.jpg,0
488.jpg,0
489.jpg,0
490.jpg,0
491.jpg,0
492.jpg,0
493.jpg,0
494.jpg,0
495.jpg,0
496.jpg,0
497.jpg,0
498.jpg,0
499.jpg,0
500.jpg,0
501.jpg,0
502.jpg,0
503.jpg,0
504.jpg,0
505.jpg,0
506.jpg,0
507.jpg,0
508.jpg,0
509.jpg,0
510.jpg,0
511.jpg,0
512.jpg,0
513.jpg,0
514.jpg,0
515.jpg,0
516.jpg,0
517.jpg,0
518.jpg,0
519.jpg,0
520.jpg,0
521.jpg,0
522.jpg,0
523.jpg,0
524.jpg,0
525.jpg,0
526.jpg,0
527.jpg,0
528.jpg,0
529.jpg,0
530.jpg,0
531.jpg,0
532.jpg,0
533.jpg,0
534.jpg,0
535.jpg,0
536.jpg,0
537.jpg,0
538.jpg,0
539.jpg,0
540.jpg,0
541.jpg,0
542.jpg,0
543.jpg,0
544.jpg,0
545.jpg,0
546.jpg,0
547.jpg,0
548.jpg,0
549.jpg,0
550.jpg,0
551.jpg,0
552.jpg,0
553.jpg,0
554.jpg,0
555.jpg,0
556.jpg,0
557.jpg,0
558.jpg,0
559.jpg,0
560.jpg,0
561.jpg,0
562.jpg,0
563.jpg,0
564.jpg,0
565.jpg,0
566.jpg,0
567.jpg,0
568.jpg,0
569.jpg,0
570.jpg,0
571.jpg,0
572.jpg,0
573.jpg,0
574.jpg,0
575.jpg,0
576.jpg,0
577.jpg,0
578.jpg,0
579.jpg,0
580.jpg,0
581.jpg,0
582.jpg,0
583.jpg,0
584.jpg,0
585.jpg,0
586.jpg,0
587.jpg,0
588.jpg,0
589.jpg,0
590.jpg,0
591.jpg,0
592.jpg,0
593.jpg,0
594.jpg,0
595.jpg,0
596.jpg,0
597.jpg,0
598.jpg,0
599.jpg,0
600.jpg,0
601.jpg,0
602.jpg,0
603.jpg,0
604.jpg,0
605.jpg,0
606.jpg,0
607.jpg,0
608.jpg,0
609.jpg,0
610.jpg,0
611.jpg,0
612.jpg,0
613.jpg,0
614.jpg,0
615.jpg,0
616.jpg,0
617.jpg,0
618.jpg,0
619.jpg,0
620.jpg,0
621.jpg,0
622.jpg,0
623.jpg,0
624.jpg,0
625.jpg,0
626.jpg,0
627.jpg,0
628.jpg,0
629.jpg,0
630.jpg,0
631.jpg,0
632.jpg,0
633.jpg,0
634.jpg,0
635.jpg,0
636.jpg,0
637.jpg,0
638.jpg,0
639.jpg,0
640.jpg,0
641.jpg,0
642.jpg,0
643.jpg,0
644.jpg,0
645.jpg,0
646.jpg,0
647.jpg,0
648.jpg,0
649.jpg,0
650.jpg,0
651.jpg,0
652.jpg,0
653.jpg,0
654.jpg,0
655.jpg,0
656.jpg,0
657.jpg,0
658.jpg,0
659.jpg,0
660.jpg,0
661.jpg,0
662.jpg,0
663.jpg,0
664.jpg,0
665.jpg,0
666.jpg,0
667.jpg,0
668.jpg,0
669.jpg,0
670.jpg,0
671.jpg,0
672.jpg,0
673.jpg,0
674.jpg,0
675.jpg,0
676.jpg,0
677.jpg,0
678.jpg,0
679.jpg,0
680.jpg,0
681.jpg,0
682.jpg,0
683.jpg,0
684.jpg,0
685.jpg,0
686.jpg,0
687.jpg,0
688.jpg,0
689.jpg,0
690.jpg,0
691.jpg,0
692.jpg,0
693.jpg,0
694.jpg,0
695.jpg,0
696.jpg,0
697.jpg,0
698.jpg,0
699.jpg,0
700.jpg,0
701.jpg,0
702.jpg,0
703.jpg,0
704.jpg,0
705.jpg,0
706.jpg,0
707.jpg,0
708.jpg,0
709.jpg,0
710.jpg,0
711.jpg,0
712.jpg,0
713.jpg,0
714.jpg,0
715.jpg,0
716.jpg,0
717.jpg,0
718.jpg,0
719.jpg,0
720.jpg,0
721.jpg,0
722.jpg,0
723.jpg,0
724.jpg,0
725.jpg,0
726.jpg,0
727.jpg,0
728.jpg,0
729.jpg,0
730.jpg,0
731.jpg,0
732.jpg,0
733.jpg,0
734.jpg,0
735.jpg,0
736.jpg,0
737.jpg,0
738.jpg,0
739.jpg,0
740.jpg,0
741.jpg,0
742.jpg,0
743.jpg,0
744.jpg,0
745.jpg,0
746.jpg,0
747.jpg,0
748.jpg,0
749.jpg,0
750.jpg,0
751.jpg,0
752.jpg,0
753.jpg,0
754.jpg,0
755.jpg,0
756.jpg,0
757.jpg,0
758.jpg,0
759.jpg,0
760.jpg,0
761.jpg,0
762.jpg,0
763.jpg,0
764.jpg,0
765.jpg,0
766.jpg,0
767.jpg,0
768.jpg,0
769.jpg,0
770.jpg,0
771.jpg,0
772.jpg,0
773.jpg,0
774.jpg,0
775.jpg,0
776.jpg,0
777.jpg,0
778.jpg,0
779.jpg,0
780.jpg,0
781.jpg,0
782.jpg,0
783.jpg,0
784.jpg,0
785.jpg,0
786.jpg,0
787.jpg,0
788.jpg,0
789.jpg,0
790.jpg,0
791.jpg,0
792.jpg,0
793.jpg,0
794.jpg,0
795.jpg,0
796.jpg,0
797.jpg,0
798.jpg,0
799.jpg,0
800.jpg,0
801.jpg,0
802.jpg,0
803.jpg,0
804.jpg,0
805.jpg,0
806.jpg,0
807.jpg,0
808.jpg,0
809.jpg,0
810.jpg,0
811.jpg,0
812.jpg,0
813.jpg,0
814.jpg,0
815.jpg,0